ncRNA,protein
HSALNCT006187.1,P26599
HSALNCT006187.1,B7ZL34
HSALNCT006187.1,Q96PU8
HSALNCT006187.1,Q9NZI8
HSALNCT006187.1,Q9Y6M1
HSALNCT006187.1,O00425
HSALNCT006187.1,Q8NDV7
HSALNCT006187.1,Q9UPQ9
HSALNCT006187.1,Q9HCJ0
HSALNCT006187.1,Q9UL18
HSALNCT006187.1,Q9UKV8
HSALNCT006187.1,Q9H9G7
HSALNCT006187.1,Q9HCK5
HSALNCT000517.8,P26599
HSALNCT000517.8,B7ZL34
HSALNCT000517.8,Q96PU8
HSALNCT000517.8,Q9NZI8
HSALNCT000517.8,Q9Y6M1
HSALNCT000517.8,O00425
HSALNCT000517.8,Q8NDV7
HSALNCT000517.8,Q9UPQ9
HSALNCT000517.8,Q9HCJ0
HSALNCT000517.8,Q9UL18
HSALNCT000517.8,Q9UKV8
HSALNCT000517.8,Q9H9G7
HSALNCT000517.8,Q9HCK5
HSALNCT000177.6,P26599
HSALNCT000177.6,B7ZL34
HSALNCT000177.6,Q96PU8
HSALNCT000177.6,Q9NZI8
HSALNCT000177.6,Q9Y6M1
HSALNCT000177.6,O00425
HSALNCT000177.6,Q8NDV7
HSALNCT000177.6,Q9UPQ9
HSALNCT000177.6,Q9HCJ0
HSALNCT000177.6,Q9UL18
HSALNCT000177.6,Q9UKV8
HSALNCT000177.6,Q9H9G7
HSALNCT000177.6,Q9HCK5
HSALNCT005584.10,P26599
HSALNCT005584.10,B7ZL34
HSALNCT005584.10,Q96PU8
HSALNCT005584.10,Q9NZI8
HSALNCT005584.10,Q9Y6M1
HSALNCT005584.10,O00425
HSALNCT005584.10,Q8NDV7
HSALNCT005584.10,Q9UPQ9
HSALNCT005584.10,Q9HCJ0
HSALNCT005584.10,Q9UL18
HSALNCT005584.10,Q9UKV8
HSALNCT005584.10,Q9H9G7
HSALNCT005584.10,Q9HCK5
HSALNCT001153.3,P26599
HSALNCT001153.3,B7ZL34
HSALNCT001153.3,Q96PU8
HSALNCT001153.3,Q9NZI8
HSALNCT001153.3,Q9Y6M1
HSALNCT001153.3,O00425
HSALNCT001153.3,Q8NDV7
HSALNCT001153.3,Q9UPQ9
HSALNCT001153.3,Q9HCJ0
HSALNCT001153.3,Q9UL18
HSALNCT001153.3,Q9UKV8
HSALNCT001153.3,Q9H9G7
HSALNCT001153.3,Q9HCK5
HSALNCT001153.7,P26599
HSALNCT001153.7,B7ZL34
HSALNCT001153.7,Q96PU8
HSALNCT001153.7,Q9NZI8
HSALNCT001153.7,Q9Y6M1
HSALNCT001153.7,O00425
HSALNCT001153.7,Q8NDV7
HSALNCT001153.7,Q9UPQ9
HSALNCT001153.7,Q9HCJ0
HSALNCT001153.7,Q9UL18
HSALNCT001153.7,Q9UKV8
HSALNCT001153.7,Q9H9G7
HSALNCT001153.7,Q9HCK5
HSALNCT001367.1,P26599
HSALNCT001367.1,B7ZL34
HSALNCT001367.1,Q96PU8
HSALNCT001367.1,Q9NZI8
HSALNCT001367.1,Q9Y6M1
HSALNCT001367.1,O00425
HSALNCT001367.1,Q8NDV7
HSALNCT001367.1,Q9UPQ9
HSALNCT001367.1,Q9HCJ0
HSALNCT001367.1,Q9UL18
HSALNCT001367.1,Q9UKV8
HSALNCT001367.1,Q9H9G7
HSALNCT001367.1,Q9HCK5
HSALNCT004649.1,P26599
HSALNCT004649.1,B7ZL34
HSALNCT004649.1,Q96PU8
HSALNCT004649.1,Q9NZI8
HSALNCT004649.1,Q9Y6M1
HSALNCT004649.1,O00425
HSALNCT004649.1,Q8NDV7
HSALNCT004649.1,Q9UPQ9
HSALNCT004649.1,Q9HCJ0
HSALNCT004649.1,Q9UL18
HSALNCT004649.1,Q9UKV8
HSALNCT004649.1,Q9H9G7
HSALNCT004649.1,Q9HCK5
HSALNCT004395.5,P26599
HSALNCT004395.5,B7ZL34
HSALNCT004395.5,Q96PU8
HSALNCT004395.5,Q9NZI8
HSALNCT004395.5,Q9Y6M1
HSALNCT004395.5,O00425
HSALNCT004395.5,Q8NDV7
HSALNCT004395.5,Q9UPQ9
HSALNCT004395.5,Q9HCJ0
HSALNCT004395.5,Q9UL18
HSALNCT004395.5,Q9UKV8
HSALNCT004395.5,Q9H9G7
HSALNCT004395.5,Q9HCK5
HSALNCT004395.4,P26599
HSALNCT004395.4,B7ZL34
HSALNCT004395.4,Q96PU8
HSALNCT004395.4,Q9NZI8
HSALNCT004395.4,Q9Y6M1
HSALNCT004395.4,O00425
HSALNCT004395.4,Q8NDV7
HSALNCT004395.4,Q9UPQ9
HSALNCT004395.4,Q9HCJ0
HSALNCT004395.4,Q9UL18
HSALNCT004395.4,Q9UKV8
HSALNCT004395.4,Q9H9G7
HSALNCT004395.4,Q9HCK5
HSALNCT004395.23,P26599
HSALNCT004395.23,B7ZL34
HSALNCT004395.23,Q96PU8
HSALNCT004395.23,Q9NZI8
HSALNCT004395.23,Q9Y6M1
HSALNCT004395.23,O00425
HSALNCT004395.23,Q8NDV7
HSALNCT004395.23,Q9UPQ9
HSALNCT004395.23,Q9HCJ0
HSALNCT004395.23,Q9UL18
HSALNCT004395.23,Q9UKV8
HSALNCT004395.23,Q9H9G7
HSALNCT004395.23,Q9HCK5
HSALNCT004395.24,P26599
HSALNCT004395.24,B7ZL34
HSALNCT004395.24,Q96PU8
HSALNCT004395.24,Q9NZI8
HSALNCT004395.24,Q9Y6M1
HSALNCT004395.24,O00425
HSALNCT004395.24,Q8NDV7
HSALNCT004395.24,Q9UPQ9
HSALNCT004395.24,Q9HCJ0
HSALNCT004395.24,Q9UL18
HSALNCT004395.24,Q9UKV8
HSALNCT004395.24,Q9H9G7
HSALNCT004395.24,Q9HCK5
HSALNCT004395.26,P26599
HSALNCT004395.26,B7ZL34
HSALNCT004395.26,Q96PU8
HSALNCT004395.26,Q9NZI8
HSALNCT004395.26,Q9Y6M1
HSALNCT004395.26,O00425
HSALNCT004395.26,Q8NDV7
HSALNCT004395.26,Q9UPQ9
HSALNCT004395.26,Q9HCJ0
HSALNCT004395.26,Q9UL18
HSALNCT004395.26,Q9UKV8
HSALNCT004395.26,Q9H9G7
HSALNCT004395.26,Q9HCK5
HSALNCT002246.1,P26599
HSALNCT002246.1,B7ZL34
HSALNCT002246.1,Q96PU8
HSALNCT002246.1,Q9NZI8
HSALNCT002246.1,Q9Y6M1
HSALNCT002246.1,O00425
HSALNCT002246.1,Q8NDV7
HSALNCT002246.1,Q9UPQ9
HSALNCT002246.1,Q9HCJ0
HSALNCT002246.1,Q9UL18
HSALNCT002246.1,Q9UKV8
HSALNCT002246.1,Q9H9G7
HSALNCT002246.1,Q9HCK5
HSALNCT003792.1,P26599
HSALNCT003792.1,B7ZL34
HSALNCT003792.1,Q96PU8
HSALNCT003792.1,Q9NZI8
HSALNCT003792.1,Q9Y6M1
HSALNCT003792.1,O00425
HSALNCT003792.1,Q8NDV7
HSALNCT003792.1,Q9UPQ9
HSALNCT003792.1,Q9HCJ0
HSALNCT003792.1,Q9UL18
HSALNCT003792.1,Q9UKV8
HSALNCT003792.1,Q9H9G7
HSALNCT003792.1,Q9HCK5
HSALNCT000525.7,P26599
HSALNCT000525.7,B7ZL34
HSALNCT000525.7,Q96PU8
HSALNCT000525.7,Q9NZI8
HSALNCT000525.7,Q9Y6M1
HSALNCT000525.7,O00425
HSALNCT000525.7,Q8NDV7
HSALNCT000525.7,Q9UPQ9
HSALNCT000525.7,Q9HCJ0
HSALNCT000525.7,Q9UL18
HSALNCT000525.7,Q9UKV8
HSALNCT000525.7,Q9H9G7
HSALNCT000525.7,Q9HCK5
HSALNCT000525.11,P26599
HSALNCT000525.11,B7ZL34
HSALNCT000525.11,Q96PU8
HSALNCT000525.11,Q9NZI8
HSALNCT000525.11,Q9Y6M1
HSALNCT000525.11,O00425
HSALNCT000525.11,Q8NDV7
HSALNCT000525.11,Q9UPQ9
HSALNCT000525.11,Q9HCJ0
HSALNCT000525.11,Q9UL18
HSALNCT000525.11,Q9UKV8
HSALNCT000525.11,Q9H9G7
HSALNCT000525.11,Q9HCK5
HSALNCT005592.1,P26599
HSALNCT005592.1,B7ZL34
HSALNCT005592.1,Q96PU8
HSALNCT005592.1,Q9NZI8
HSALNCT005592.1,Q9Y6M1
HSALNCT005592.1,O00425
HSALNCT005592.1,Q8NDV7
HSALNCT005592.1,Q9UPQ9
HSALNCT005592.1,Q9HCJ0
HSALNCT005592.1,Q9UL18
HSALNCT005592.1,Q9UKV8
HSALNCT005592.1,Q9H9G7
HSALNCT005592.1,Q9HCK5
HSALNCT000089.2,P26599
HSALNCT000089.2,B7ZL34
HSALNCT000089.2,Q96PU8
HSALNCT000089.2,Q9NZI8
HSALNCT000089.2,Q9Y6M1
HSALNCT000089.2,O00425
HSALNCT000089.2,Q8NDV7
HSALNCT000089.2,Q9UPQ9
HSALNCT000089.2,Q9HCJ0
HSALNCT000089.2,Q9UL18
HSALNCT000089.2,Q9UKV8
HSALNCT000089.2,Q9H9G7
HSALNCT000089.2,Q9HCK5
HSALNCT000074.15,P26599
HSALNCT000074.15,B7ZL34
HSALNCT000074.15,Q96PU8
HSALNCT000074.15,Q9NZI8
HSALNCT000074.15,Q9Y6M1
HSALNCT000074.15,O00425
HSALNCT000074.15,Q8NDV7
HSALNCT000074.15,Q9UPQ9
HSALNCT000074.15,Q9HCJ0
HSALNCT000074.15,Q9UL18
HSALNCT000074.15,Q9UKV8
HSALNCT000074.15,Q9H9G7
HSALNCT000074.15,Q9HCK5
HSALNCT004073.1,P26599
HSALNCT004073.1,B7ZL34
HSALNCT004073.1,Q96PU8
HSALNCT004073.1,Q9NZI8
HSALNCT004073.1,Q9Y6M1
HSALNCT004073.1,O00425
HSALNCT004073.1,Q8NDV7
HSALNCT004073.1,Q9UPQ9
HSALNCT004073.1,Q9HCJ0
HSALNCT004073.1,Q9UL18
HSALNCT004073.1,Q9UKV8
HSALNCT004073.1,Q9H9G7
HSALNCT004073.1,Q9HCK5
HSALNCT004073.3,P26599
HSALNCT004073.3,B7ZL34
HSALNCT004073.3,Q96PU8
HSALNCT004073.3,Q9NZI8
HSALNCT004073.3,Q9Y6M1
HSALNCT004073.3,O00425
HSALNCT004073.3,Q8NDV7
HSALNCT004073.3,Q9UPQ9
HSALNCT004073.3,Q9HCJ0
HSALNCT004073.3,Q9UL18
HSALNCT004073.3,Q9UKV8
HSALNCT004073.3,Q9H9G7
HSALNCT004073.3,Q9HCK5
HSALNCT007503.6,P26599
HSALNCT007503.6,B7ZL34
HSALNCT007503.6,Q96PU8
HSALNCT007503.6,Q9NZI8
HSALNCT007503.6,Q9Y6M1
HSALNCT007503.6,O00425
HSALNCT007503.6,Q8NDV7
HSALNCT007503.6,Q9UPQ9
HSALNCT007503.6,Q9HCJ0
HSALNCT007503.6,Q9UL18
HSALNCT007503.6,Q9UKV8
HSALNCT007503.6,Q9H9G7
HSALNCT007503.6,Q9HCK5
HSALNCT007010.1,P26599
HSALNCT007010.1,B7ZL34
HSALNCT007010.1,Q96PU8
HSALNCT007010.1,Q9NZI8
HSALNCT007010.1,Q9Y6M1
HSALNCT007010.1,O00425
HSALNCT007010.1,Q8NDV7
HSALNCT007010.1,Q9UPQ9
HSALNCT007010.1,Q9HCJ0
HSALNCT007010.1,Q9UL18
HSALNCT007010.1,Q9UKV8
HSALNCT007010.1,Q9H9G7
HSALNCT007010.1,Q9HCK5
HSALNCT007225.2,P26599
HSALNCT007225.2,B7ZL34
HSALNCT007225.2,Q96PU8
HSALNCT007225.2,Q9NZI8
HSALNCT007225.2,Q9Y6M1
HSALNCT007225.2,O00425
HSALNCT007225.2,Q8NDV7
HSALNCT007225.2,Q9UPQ9
HSALNCT007225.2,Q9HCJ0
HSALNCT007225.2,Q9UL18
HSALNCT007225.2,Q9UKV8
HSALNCT007225.2,Q9H9G7
HSALNCT007225.2,Q9HCK5
HSALNCT007225.5,P26599
HSALNCT007225.5,B7ZL34
HSALNCT007225.5,Q96PU8
HSALNCT007225.5,Q9NZI8
HSALNCT007225.5,Q9Y6M1
HSALNCT007225.5,O00425
HSALNCT007225.5,Q8NDV7
HSALNCT007225.5,Q9UPQ9
HSALNCT007225.5,Q9HCJ0
HSALNCT007225.5,Q9UL18
HSALNCT007225.5,Q9UKV8
HSALNCT007225.5,Q9H9G7
HSALNCT007225.5,Q9HCK5
HSALNCT007225.4,P26599
HSALNCT007225.4,B7ZL34
HSALNCT007225.4,Q96PU8
HSALNCT007225.4,Q9NZI8
HSALNCT007225.4,Q9Y6M1
HSALNCT007225.4,O00425
HSALNCT007225.4,Q8NDV7
HSALNCT007225.4,Q9UPQ9
HSALNCT007225.4,Q9HCJ0
HSALNCT007225.4,Q9UL18
HSALNCT007225.4,Q9UKV8
HSALNCT007225.4,Q9H9G7
HSALNCT007225.4,Q9HCK5
HSALNCT000472.5,P26599
HSALNCT000472.5,B7ZL34
HSALNCT000472.5,Q96PU8
HSALNCT000472.5,Q9NZI8
HSALNCT000472.5,Q9Y6M1
HSALNCT000472.5,O00425
HSALNCT000472.5,Q8NDV7
HSALNCT000472.5,Q9UPQ9
HSALNCT000472.5,Q9HCJ0
HSALNCT000472.5,Q9UL18
HSALNCT000472.5,Q9UKV8
HSALNCT000472.5,Q9H9G7
HSALNCT000472.5,Q9HCK5
